,Pub.Priv,Year,Ave.Act,Num.33-36,Num.28-32,Num.24-27,Num.19-23,Num.17-18,Num.1-16,Num.NA,Num.Tot,Pct.33-36,Pct.28-32,Pct.24-27,Pct.19-23,Pct.17-18,Pct.1-16,Pct.NA,Pct.Tot
HARRIS-STOWE,Public,2006,16.3,0,1,4,42,68,144,154,413,0,0.002421307506053,0.009685230024213,0.101694915254237,0.164648910411622,0.348668280871671,0.372881355932203,1
LINCOLN,Public,2006,17.7,0,2,37,153,127,213,34,566,0,0.003533568904594,0.065371024734982,0.270318021201413,0.224381625441696,0.376325088339223,0.060070671378092,1
MISSOURI SOUTHERN,Public,2006,21.6,2,67,187,381,111,74,123,945,0.002116402116402,0.070899470899471,0.197883597883598,0.403174603174603,0.117460317460317,0.078306878306878,0.13015873015873,1
MISSOURI STATE,Public,2006,23.8,24,486,821,1278,117,14,103,2843,0.008441786844882,0.170946183608864,0.288779458318677,0.449525149489975,0.041153710868801,0.004924375659515,0.036229335209286,1
MISSOURI WESTERN,Public,2006,19.5,2,37,125,406,184,235,71,1060,0.00188679245283,0.034905660377359,0.117924528301887,0.383018867924528,0.173584905660377,0.221698113207547,0.066981132075472,1
NORTHWEST,Public,2006,21.9,5,83,281,659,169,45,34,1276,0.003918495297806,0.065047021943574,0.220219435736677,0.516457680250784,0.132445141065831,0.035266457680251,0.026645768025078,1
SOUTHEAST,Public,2006,22.2,4,157,334,669,200,37,117,1518,0.002635046113307,0.103425559947299,0.220026350461133,0.440711462450593,0.131752305665349,0.02437417654809,0.077075098814229,1
TRUMAN,Public,2006,27.3,85,552,480,179,7,0,64,1367,0.062179956108266,0.403803950256035,0.351133869787857,0.130943672275055,0.00512070226774,0,0.046817849305048,1
UCM,Public,2006,22.1,2,101,376,800,184,29,145,1637,0.001221747098351,0.061698228466707,0.229688454489921,0.488698839340257,0.112400733048259,0.017715332926084,0.088576664630422,1
UMC,Public,2006,25.3,89,1149,1824,1497,57,14,207,4837,0.018399834608228,0.237543932189374,0.377093239611329,0.309489352904693,0.011784163737854,0.002894356005789,0.042795120942733,1
UMKC,Public,2006,23.7,14,186,263,290,75,50,77,955,0.014659685863874,0.194764397905759,0.275392670157068,0.303664921465969,0.078534031413613,0.052356020942408,0.080628272251309,1
UMR,Public,2006,27.1,51,360,314,146,6,1,84,962,0.053014553014553,0.374220374220374,0.326403326403326,0.151767151767152,0.006237006237006,0.001039501039501,0.087318087318087,1
UMSL,Public,2006,22.9,4,51,150,225,46,10,39,525,0.007619047619048,0.097142857142857,0.285714285714286,0.428571428571429,0.087619047619048,0.019047619047619,0.074285714285714,1
AVILA,Private,2006,21,1,7,23,68,24,8,7,138,0.007246376811594,0.05072463768116,0.166666666666667,0.492753623188406,0.173913043478261,0.057971014492754,0.05072463768116,1
CENTRAL METHODIST - CLAS,Private,2006,21,0,8,31,114,34,10,15,212,0,0.037735849056604,0.14622641509434,0.537735849056604,0.160377358490566,0.047169811320755,0.070754716981132,1
COLLEGE OF THE OZARKS,Private,2006,22.5,1,20,78,149,20,5,3,276,0.003623188405797,0.072463768115942,0.282608695652174,0.539855072463768,0.072463768115942,0.018115942028986,0.010869565217391,1
COLUMBIA,Private,2006,22.5,1,15,47,76,15,9,28,191,0.005235602094241,0.078534031413613,0.246073298429319,0.397905759162304,0.078534031413613,0.047120418848168,0.146596858638743,1
CULVER-STOCKTON,Private,2006,21,0,12,33,106,53,6,2,212,0,0.056603773584906,0.155660377358491,0.5,0.25,0.028301886792453,0.009433962264151,1
DRURY,Private,2006,25,2,84,94,102,62,14,269,627,0.003189792663477,0.133971291866029,0.149920255183413,0.162679425837321,0.098883572567783,0.022328548644338,0.42902711323764,1
EVANGEL,Private,2006,22.7,3,38,99,144,38,10,0,332,0.009036144578313,0.114457831325301,0.298192771084337,0.433734939759036,0.114457831325301,0.030120481927711,0,1
FONTBONNE,Private,2006,20.9,0,8,33,79,32,15,23,190,0,0.042105263157895,0.173684210526316,0.415789473684211,0.168421052631579,0.078947368421053,0.121052631578947,1
HANNIBAL- LAGRANGE,Private,2006,21,0,7,26,67,18,5,8,131,0,0.053435114503817,0.198473282442748,0.511450381679389,0.137404580152672,0.038167938931298,0.061068702290076,1
LINDENWOOD,Private,2006,21.6,2,42,141,404,101,25,225,940,0.002127659574468,0.04468085106383,0.15,0.429787234042553,0.107446808510638,0.026595744680851,0.23936170212766,1
MARYVILLE,Private,2006,24,1,45,115,120,5,0,21,307,0.003257328990228,0.146579804560261,0.374592833876221,0.390879478827362,0.01628664495114,0,0.068403908794788,1
MISSOURI BAPTIST,Private,2006,21.7,0,12,35,74,26,6,42,195,0,0.061538461538462,0.179487179487179,0.379487179487179,0.133333333333333,0.030769230769231,0.215384615384615,1
MISSOURI VALLEY,Private,2006,19.3,0,5,24,139,81,51,75,375,0,0.013333333333333,0.064,0.370666666666667,0.216,0.136,0.2,1
PARK,Private,2006,22.4,0,17,38,62,16,8,53,194,0,0.087628865979382,0.195876288659794,0.319587628865979,0.082474226804124,0.041237113402062,0.27319587628866,1
ROCKHURST,Private,2006,24.5,2,88,122,153,12,1,18,396,0.005050505050505,0.222222222222222,0.308080808080808,0.386363636363636,0.03030303030303,0.002525252525253,0.045454545454546,1
SAINT LOUIS,Private,2006,26.1,33,469,547,291,21,0,210,1571,0.021005728835137,0.298535964353915,0.348185868873329,0.185232336091661,0.013367281985996,0,0.133672819859962,1
SOUTHWEST BAPTIST,Private,2006,23.1,2,65,134,165,35,30,28,459,0.004357298474946,0.14161220043573,0.291938997821351,0.359477124183006,0.076252723311547,0.065359477124183,0.061002178649238,1
STEPHENS,Private,2006,22.4,1,17,50,93,20,7,37,225,0.004444444444444,0.075555555555556,0.222222222222222,0.413333333333333,0.088888888888889,0.031111111111111,0.164444444444444,1
WASHINGTON ,Private,2006,31.6,306,436,46,2,0,0,680,1470,0.208163265306122,0.296598639455782,0.031292517006803,0.001360544217687,0,0,0.462585034013605,1
WEBSTER,Private,2006,24,3,69,124,151,25,6,51,429,0.006993006993007,0.160839160839161,0.289044289044289,0.351981351981352,0.058275058275058,0.013986013986014,0.118881118881119,1
WESTMINSTER,Private,2006,24.3,2,42,75,88,6,1,65,279,0.007168458781362,0.150537634408602,0.268817204301075,0.315412186379928,0.021505376344086,0.003584229390681,0.232974910394265,1
WILLIAM JEWELL,Private,2006,25,5,65,81,87,6,0,7,251,0.0199203187251,0.258964143426295,0.322709163346614,0.346613545816733,0.02390438247012,0,0.02788844621514,1
WILLIAM WOODS,Private,2006,22,0,12,36,84,27,8,28,195,0,0.061538461538462,0.184615384615385,0.430769230769231,0.138461538461538,0.041025641025641,0.143589743589744,1
HARRIS-STOWE,Public,2007,16.0890410958904,0,1,7,39,53,192,157,449,0,0.002227171492205,0.015590200445434,0.086859688195991,0.11804008908686,0.427616926503341,0.349665924276169,1
LINCOLN,Public,2007,17.4036697247706,0,4,39,149,104,249,61,606,0,0.006600660066007,0.064356435643564,0.245874587458746,0.171617161716172,0.410891089108911,0.100660066006601,1
MISSOURI SOUTHERN,Public,2007,21.8211829436038,1,77,152,336,96,65,91,818,0.001222493887531,0.094132029339853,0.185819070904645,0.410757946210269,0.117359413202934,0.079462102689487,0.111246943765281,1
MISSOURI STATE,Public,2007,23.8981233243968,19,466,816,1191,96,23,108,2719,0.006987863184994,0.171386539168812,0.300110334681868,0.438028687017286,0.035307098197867,0.008458992276572,0.0397204854726,1
MISSOURI UNIV. OF SCI. & TECH.,Public,2007,27.3,72,376,372,148,10,0,63,1041,0.069164265129683,0.3611911623439,0.357348703170029,0.142170989433237,0.009606147934678,0,0.060518731988473,1
MISSOURI WESTERN,Public,2007,19.6747809152872,1,48,145,376,207,250,73,1100,0.000909090909091,0.043636363636364,0.131818181818182,0.341818181818182,0.188181818181818,0.227272727272727,0.066363636363636,1
NORTHWEST,Public,2007,22.1418873048201,5,125,367,753,173,50,66,1539,0.003248862897986,0.081221572449643,0.238466536712151,0.489278752436647,0.112410656270305,0.032488628979857,0.042884990253411,1
SOUTHEAST,Public,2007,22.3266033254157,5,182,377,837,243,40,121,1805,0.002770083102493,0.100831024930748,0.208864265927978,0.463711911357341,0.134626038781163,0.022160664819945,0.067036011080332,1
TRUMAN,Public,2007,27.2224736048265,100,519,504,196,6,1,79,1405,0.071174377224199,0.369395017793594,0.358718861209964,0.139501779359431,0.004270462633452,0.000711743772242,0.056227758007118,1
UCM,Public,2007,22.2989547038328,3,109,364,775,155,29,119,1554,0.001930501930502,0.07014157014157,0.234234234234234,0.498712998712999,0.0997425997426,0.018661518661519,0.076576576576577,1
UMC,Public,2007,25.4,122,1260,1823,1513,59,23,182,4982,0.02448815736652,0.252910477719791,0.365917302288238,0.303693295865114,0.01184263348053,0.004616619831393,0.036531513448414,1
UMKC,Public,2007,24.1,18,199,257,274,68,38,105,959,0.018769551616267,0.207507820646507,0.267987486965589,0.285714285714286,0.070907194994786,0.039624608967675,0.109489051094891,1
UMSL,Public,2007,22.7649572649573,3,48,149,215,39,14,30,498,0.006024096385542,0.096385542168675,0.299196787148594,0.431726907630522,0.078313253012048,0.028112449799197,0.060240963855422,1
AVILA,Private,2007,22,0,7,23,68,11,0,5,114,0,0.06140350877193,0.201754385964912,0.596491228070175,0.096491228070176,0,0.043859649122807,1
CENTRAL METHODIST - CLAS,Private,2007,21,1,9,69,119,54,12,6,270,0.003703703703704,0.033333333333333,0.255555555555556,0.440740740740741,0.2,0.044444444444445,0.022222222222222,1
COLLEGE OF THE OZARKS,Private,2007,22.4,0,18,68,161,20,2,14,283,0,0.063604240282686,0.240282685512367,0.568904593639576,0.070671378091873,0.007067137809187,0.049469964664311,1
COLUMBIA,Private,2007,22.3,0,16,48,84,21,6,33,208,0,0.076923076923077,0.230769230769231,0.403846153846154,0.100961538461538,0.028846153846154,0.158653846153846,1
CULVER-STOCKTON,Private,2007,21.6,2,13,39,96,50,1,2,203,0.009852216748768,0.064039408866995,0.192118226600985,0.472906403940887,0.246305418719212,0.004926108374384,0.009852216748768,1
DRURY,Private,2007,25.2,9,89,146,113,3,1,179,540,0.016666666666667,0.164814814814815,0.27037037037037,0.209259259259259,0.005555555555556,0.001851851851852,0.331481481481481,1
EVANGEL,Private,2007,22.6,1,47,83,134,38,18,23,344,0.002906976744186,0.136627906976744,0.241279069767442,0.38953488372093,0.11046511627907,0.052325581395349,0.066860465116279,1
FONTBONNE,Private,2007,21.1,1,11,32,81,31,18,17,191,0.005235602094241,0.057591623036649,0.167539267015707,0.424083769633508,0.162303664921466,0.094240837696335,0.089005235602094,1
HANNIBAL- LAGRANGE,Private,2007,21.8,0,12,24,59,19,7,22,143,0,0.083916083916084,0.167832167832168,0.412587412587413,0.132867132867133,0.048951048951049,0.153846153846154,1
LINDENWOOD,Private,2007,22,0,59,120,386,79,6,234,884,0,0.066742081447964,0.135746606334842,0.436651583710407,0.089366515837104,0.006787330316742,0.264705882352941,1
MARYVILLE,Private,2007,24,4,45,114,124,5,1,10,303,0.013201320132013,0.148514851485149,0.376237623762376,0.409240924092409,0.016501650165017,0.003300330033003,0.033003300330033,1
MISSOURI BAPTIST,Private,2007,21.6,0,17,32,73,32,5,34,193,0,0.088082901554404,0.16580310880829,0.378238341968912,0.16580310880829,0.025906735751295,0.176165803108808,1
MISSOURI VALLEY,Private,2007,19.18,1,4,29,148,107,66,89,444,0.002252252252252,0.009009009009009,0.065315315315315,0.333333333333333,0.240990990990991,0.148648648648649,0.20045045045045,1
PARK,Private,2007,22.7,2,23,38,39,14,13,46,175,0.011428571428572,0.131428571428571,0.217142857142857,0.222857142857143,0.08,0.074285714285714,0.262857142857143,1
ROCKHURST,Private,2007,25.1,5,89,134,118,8,0,13,367,0.013623978201635,0.242506811989101,0.365122615803815,0.321525885558583,0.021798365122616,0,0.035422343324251,1
SAINT LOUIS,Private,2007,26.2,52,485,546,316,27,2,183,1611,0.03227808814401,0.301055245189323,0.338919925512104,0.196151458721291,0.016759776536313,0.001241464928616,0.113594040968343,1
SOUTHWEST BAPTIST,Private,2007,23,1,66,96,159,44,19,25,410,0.002439024390244,0.160975609756098,0.234146341463415,0.38780487804878,0.107317073170732,0.046341463414634,0.060975609756098,1
STEPHENS,Private,2007,22.3,0,18,50,102,23,9,23,225,0,0.08,0.222222222222222,0.453333333333333,0.102222222222222,0.04,0.102222222222222,1
WASHINGTON ,Private,2007,31.8,315,405,33,2,0,0,583,1338,0.23542600896861,0.302690582959641,0.024663677130045,0.001494768310912,0,0,0.435724962630792,1
WEBSTER,Private,2007,24.2,7,81,147,175,23,5,60,498,0.014056224899598,0.162650602409639,0.295180722891566,0.35140562248996,0.046184738955823,0.01004016064257,0.120481927710843,1
WESTMINSTER,Private,2007,25.2,2,47,71,70,1,0,33,224,0.008928571428571,0.209821428571429,0.316964285714286,0.3125,0.004464285714286,0,0.147321428571429,1
WILLIAM JEWELL,Private,2007,25.2,12,64,104,87,10,0,9,286,0.041958041958042,0.223776223776224,0.363636363636364,0.304195804195804,0.034965034965035,0,0.031468531468532,1
WILLIAM WOODS,Private,2007,22,2,20,41,77,29,7,10,186,0.010752688172043,0.10752688172043,0.220430107526882,0.413978494623656,0.155913978494624,0.037634408602151,0.053763440860215,1
HARRIS-STOWE,Public,2008,15.8869863013699,0,0,2,40,71,179,151,443,0,0,0.00451467268623,0.090293453724605,0.160270880361174,0.404063205417607,0.340857787810384,1
LINCOLN,Public,2008,17.3768939393939,0,5,32,142,109,240,47,575,0,0.008695652173913,0.055652173913044,0.24695652173913,0.189565217391304,0.417391304347826,0.081739130434783,1
MISSOURI SOUTHERN,Public,2008,21.5,3,51,145,333,118,62,59,771,0.003891050583658,0.066147859922179,0.188067444876783,0.431906614785992,0.153047989623865,0.08041504539559,0.076523994811933,1
MISSOURI STATE,Public,2008,24.0926732673267,36,496,773,1092,85,43,93,2618,0.013750954927426,0.189457601222307,0.295263559969442,0.417112299465241,0.032467532467533,0.016424751718869,0.035523300229183,1
MISSOURI UNIV. OF SCI. & TECH.,Public,2008,27.3457286432161,64,420,351,152,7,1,50,1045,0.061244019138756,0.401913875598086,0.335885167464115,0.145454545454545,0.006698564593301,0.000956937799043,0.047846889952153,1
MISSOURI WESTERN,Public,2008,20.280193236715,0,56,185,399,197,198,105,1140,0,0.049122807017544,0.162280701754386,0.35,0.17280701754386,0.173684210526316,0.092105263157895,1
NORTHWEST,Public,2008,22.0263157894737,4,121,349,756,187,65,55,1537,0.002602472348731,0.078724788549122,0.227065712426805,0.491867273910215,0.121665582303188,0.042290175666884,0.035783994795055,1
SOUTHEAST,Public,2008,22.6107184923439,14,181,435,836,186,46,130,1828,0.007658643326039,0.099015317286652,0.237964989059081,0.457330415754923,0.101750547045952,0.025164113785558,0.071115973741794,1
TRUMAN,Public,2008,27.5667466027178,122,489,449,188,3,0,83,1334,0.091454272863568,0.366566716641679,0.336581709145427,0.140929535232384,0.002248875562219,0,0.062218890554723,1
UCM,Public,2008,22.1,5,108,372,809,170,47,102,1613,0.003099814011159,0.066955982641042,0.230626162430254,0.50154990700558,0.105393676379417,0.029138251704898,0.06323620582765,1
UMC,Public,2008,25.4564619615032,143,1389,2174,1665,73,11,327,5782,0.024731926668973,0.240228294707714,0.375994465582843,0.287962642684192,0.012625389138706,0.001902455897613,0.056554825319959,1
UMKC,Public,2008,23.9741379310345,22,202,273,304,82,45,80,1008,0.021825396825397,0.200396825396825,0.270833333333333,0.301587301587302,0.081349206349206,0.044642857142857,0.079365079365079,1
UMSL,Public,2008,23.3,7,57,125,201,34,3,41,468,0.014957264957265,0.121794871794872,0.267094017094017,0.42948717948718,0.072649572649573,0.006410256410256,0.087606837606838,1
AVILA,Private,2008,22,1,13,38,101,17,0,13,183,0.005464480874317,0.07103825136612,0.207650273224044,0.551912568306011,0.092896174863388,0,0.07103825136612,1
CENTRAL METHODIST - CLAS,Private,2008,22,0,16,58,174,42,3,9,302,0,0.052980132450331,0.19205298013245,0.576158940397351,0.139072847682119,0.009933774834437,0.029801324503311,1
COLLEGE OF THE OZARKS,Private,2008,22,0,16,81,133,29,5,10,274,0,0.058394160583942,0.295620437956204,0.485401459854015,0.105839416058394,0.018248175182482,0.036496350364964,1
COLUMBIA,Private,2008,22,12,32,41,62,19,0,41,207,0.057971014492754,0.154589371980676,0.198067632850242,0.29951690821256,0.091787439613527,0,0.198067632850242,1
CULVER-STOCKTON,Private,2008,21.7,0,16,39,120,35,5,12,227,0,0.070484581497797,0.171806167400881,0.52863436123348,0.154185022026432,0.022026431718062,0.052863436123348,1
DRURY,Private,2008,25.2,1,90,66,144,0,0,258,559,0.001788908765653,0.161001788908766,0.118067978533095,0.257602862254025,0,0,0.461538461538462,1
EVANGEL,Private,2008,22.8,2,35,90,95,29,21,66,338,0.005917159763314,0.103550295857988,0.266272189349112,0.281065088757396,0.085798816568047,0.062130177514793,0.195266272189349,1
FONTBONNE,Private,2008,21.8,0,8,47,83,28,6,19,191,0,0.041884816753927,0.246073298429319,0.43455497382199,0.146596858638743,0.031413612565445,0.099476439790576,1
HANNIBAL- LAGRANGE,Private,2008,20,0,9,27,77,33,12,40,198,0,0.045454545454546,0.136363636363636,0.388888888888889,0.166666666666667,0.060606060606061,0.202020202020202,1
LINDENWOOD,Private,2008,22.3,4,79,142,486,84,5,309,1109,0.003606853020739,0.071235347159603,0.128043282236249,0.438232642019838,0.075743913435528,0.004508566275924,0.278629395852119,1
MARYVILLE,Private,2008,24.2,4,48,119,141,2,3,36,353,0.011331444759207,0.135977337110482,0.337110481586402,0.39943342776204,0.005665722379603,0.008498583569405,0.101983002832861,1
MISSOURI BAPTIST,Private,2008,21.3,0,14,29,84,31,10,36,204,0,0.068627450980392,0.142156862745098,0.411764705882353,0.151960784313725,0.049019607843137,0.176470588235294,1
MISSOURI VALLEY,Private,2008,18.9,1,3,25,120,92,80,102,423,0.002364066193853,0.00709219858156,0.059101654846336,0.283687943262411,0.217494089834515,0.189125295508274,0.24113475177305,1
PARK,Private,2008,22.4,1,27,44,57,15,22,91,257,0.003891050583658,0.105058365758755,0.171206225680934,0.221789883268482,0.058365758754864,0.085603112840467,0.35408560311284,1
ROCKHURST,Private,2008,25,6,92,123,110,13,2,12,358,0.016759776536313,0.256983240223464,0.343575418994413,0.307262569832402,0.036312849162011,0.005586592178771,0.033519553072626,1
SAINT LOUIS,Private,2008,26.4,62,472,502,313,20,2,259,1630,0.038036809815951,0.289570552147239,0.307975460122699,0.192024539877301,0.012269938650307,0.001226993865031,0.158895705521472,1
SOUTHWEST BAPTIST,Private,2008,22.8,8,65,125,171,56,33,58,516,0.015503875968992,0.125968992248062,0.242248062015504,0.331395348837209,0.108527131782946,0.063953488372093,0.112403100775194,1
STEPHENS,Private,2008,22.7,1,20,57,101,23,5,16,223,0.004484304932735,0.089686098654709,0.255605381165919,0.452914798206278,0.103139013452915,0.022421524663677,0.071748878923767,1
WASHINGTON ,Private,2008,32.4,449,402,13,1,0,0,561,1426,0.314866760168303,0.281907433380084,0.009116409537167,0.00070126227209,0,0,0.393408134642356,1
WEBSTER,Private,2008,24,4,68,113,152,26,9,48,420,0.00952380952381,0.161904761904762,0.269047619047619,0.361904761904762,0.061904761904762,0.021428571428572,0.114285714285714,1
WESTMINSTER,Private,2008,25,2,57,77,69,1,0,38,244,0.008196721311475,0.233606557377049,0.315573770491803,0.282786885245902,0.004098360655738,0,0.155737704918033,1
WILLIAM JEWELL,Private,2008,25.5,5,76,84,87,1,0,12,265,0.018867924528302,0.286792452830189,0.316981132075472,0.328301886792453,0.00377358490566,0,0.045283018867925,1
WILLIAM WOODS,Private,2008,22,0,11,28,69,23,2,18,151,0,0.072847682119205,0.185430463576159,0.456953642384106,0.152317880794702,0.013245033112583,0.119205298013245,1
HARRIS-STOWE,Public,2009,15.9256198347107,,,3,34,50,155,170,412,0,0,0.007281553398058,0.08252427184466,0.121359223300971,0.37621359223301,0.412621359223301,1
LINCOLN,Public,2009,17.1632329635499,,5,33,163,124,306,113,744,0,0.006720430107527,0.044354838709678,0.219086021505376,0.166666666666667,0.411290322580645,0.151881720430108,1
MISSOURI SOUTHERN,Public,2009,21.1112565445026,5,48,144,357,123,87,94,858,0.005827505827506,0.055944055944056,0.167832167832168,0.416083916083916,0.143356643356643,0.101398601398601,0.10955710955711,1
MISSOURI STATE,Public,2009,23.9576480263158,23,471,719,1091,94,34,157,2589,0.008883738895326,0.181923522595597,0.277713402858246,0.421398223252221,0.036307454615682,0.013132483584396,0.060641174198532,1
MISSOURI UNIV. OF SCI. & TECH.,Public,2009,27.6819457436857,79,477,374,134,4,1,39,1108,0.07129963898917,0.430505415162455,0.337545126353791,0.120938628158845,0.003610108303249,0.000902527075812,0.035198555956679,1
MISSOURI WESTERN,Public,2009,19.8083252662149,1,39,157,416,203,217,159,1192,0.000838926174497,0.032718120805369,0.131711409395973,0.348993288590604,0.170302013422819,0.182046979865772,0.133389261744966,1
NORTHWEST,Public,2009,22.2519946808511,2,131,393,759,167,52,63,1567,0.001276324186343,0.083599234205488,0.250797702616465,0.484365028717294,0.106573069559668,0.033184428844927,0.040204211869815,1
SOUTHEAST,Public,2009,22.8087871287129,13,211,417,765,171,39,189,1805,0.007202216066482,0.116897506925208,0.231024930747922,0.42382271468144,0.094736842105263,0.021606648199446,0.104709141274238,1
TRUMAN,Public,2009,27.205995388163,102,496,486,210,7,,41,1342,0.076005961251863,0.369597615499255,0.362146050670641,0.156482861400894,0.00521609538003,0,0.030551415797318,1
UCM,Public,2009,22.0114367405289,4,108,329,725,167,66,105,1504,0.002659574468085,0.071808510638298,0.21875,0.482047872340426,0.111037234042553,0.043882978723404,0.069813829787234,1
UMC,Public,2009,25.5615053360794,152,1406,2153,1553,70,7,248,5589,0.027196278404008,0.251565575237073,0.385220969762033,0.277867239219896,0.012524601896583,0.001252460189658,0.04437287529075,1
UMKC,Public,2009,24.1437699680511,29,212,260,324,78,36,65,1004,0.028884462151395,0.211155378486056,0.258964143426295,0.322709163346614,0.077689243027889,0.035856573705179,0.064741035856574,1
UMSL,Public,2009,22.748427672956,4,60,134,198,63,18,48,525,0.007619047619048,0.114285714285714,0.255238095238095,0.377142857142857,0.12,0.034285714285714,0.091428571428572,1
AVILA,Private,2009,23,1,15,27,55,12,1,7,118,0.008474576271186,0.127118644067797,0.228813559322034,0.466101694915254,0.101694915254237,0.008474576271186,0.059322033898305,1
CENTRAL METHODIST - CLAS,Private,2009,22,0,13,55,145,37,0,10,260,0,0.05,0.211538461538462,0.557692307692308,0.142307692307692,0,0.038461538461539,1
COLLEGE OF THE OZARKS,Private,2009,22,1,13,62,142,13,6,7,244,0.004098360655738,0.05327868852459,0.254098360655738,0.581967213114754,0.05327868852459,0.024590163934426,0.028688524590164,1
COLUMBIA,Private,2009,22.8,13,17,54,61,6,0,23,174,0.074712643678161,0.097701149425287,0.310344827586207,0.350574712643678,0.03448275862069,0,0.132183908045977,1
CULVER-STOCKTON,Private,2009,22,0,6,29,48,10,10,59,162,0,0.037037037037037,0.179012345679012,0.296296296296296,0.061728395061728,0.061728395061728,0.364197530864197,1
DRURY,Private,2009,28,12,90,108,107,11,0,671,999,0.012012012012012,0.09009009009009,0.108108108108108,0.107107107107107,0.011011011011011,0,0.671671671671672,1
EVANGEL,Private,2009,22.79,3,49,94,147,37,14,88,432,0.006944444444444,0.113425925925926,0.217592592592593,0.340277777777778,0.085648148148148,0.032407407407407,0.203703703703704,1
FONTBONNE,Private,2009,23,0,14,44,82,13,5,24,182,0,0.076923076923077,0.241758241758242,0.450549450549451,0.071428571428572,0.027472527472528,0.131868131868132,1
HANNIBAL- LAGRANGE,Private,2009,22.32,0,18,36,75,23,2,31,185,0,0.097297297297297,0.194594594594595,0.405405405405405,0.124324324324324,0.010810810810811,0.167567567567568,1
LINDENWOOD,Private,2009,22.28,4,63,467,486,71,6,308,1405,0.002846975088968,0.044839857651246,0.332384341637011,0.345907473309608,0.050533807829182,0.004270462633452,0.219217081850534,1
MARYVILLE,Private,2009,24,2,52,136,127,12,3,42,374,0.005347593582888,0.13903743315508,0.363636363636364,0.339572192513369,0.032085561497326,0.008021390374332,0.112299465240642,1
MISSOURI BAPTIST,Private,2009,21.71,2,13,38,93,39,0,36,221,0.009049773755656,0.058823529411765,0.171945701357466,0.420814479638009,0.176470588235294,0,0.16289592760181,1
MISSOURI VALLEY,Private,2009,19.42,0,9,30,156,88,67,84,434,0,0.02073732718894,0.069124423963134,0.359447004608295,0.202764976958525,0.154377880184332,0.193548387096774,1
PARK,Private,2009,22.7,0,25,43,71,19,9,38,205,0,0.121951219512195,0.209756097560976,0.346341463414634,0.092682926829268,0.04390243902439,0.185365853658537,1
ROCKHURST,Private,2009,25,8,95,134,145,19,5,13,419,0.01909307875895,0.22673031026253,0.31980906921241,0.346062052505967,0.045346062052506,0.011933174224344,0.031026252983294,1
SAINT LOUIS,Private,2009,27.8,72,605,510,232,21,0,284,1724,0.041763341067285,0.35092807424594,0.295823665893271,0.134570765661253,0.012180974477958,0,0.164733178654292,1
SOUTHWEST BAPTIST,Private,2009,22.95,6,61,146,178,41,29,76,537,0.011173184357542,0.113594040968343,0.271880819366853,0.33147113594041,0.07635009310987,0.054003724394786,0.141527001862197,1
STEPHENS,Private,2009,22,0,19,41,89,24,13,45,231,0,0.082251082251082,0.177489177489178,0.385281385281385,0.103896103896104,0.056277056277056,0.194805194805195,1
WASHINGTON ,Private,2009,32.5,495,411,13,1,0,0,590,1510,0.327814569536424,0.272185430463576,0.008609271523179,0.000662251655629,0,0,0.390728476821192,1
WEBSTER,Private,2009,24,4,93,138,152,38,7,62,494,0.008097165991903,0.188259109311741,0.279352226720648,0.307692307692308,0.076923076923077,0.01417004048583,0.125506072874494,1
WESTMINSTER,Private,2009,24.6,6,68,86,112,18,0,21,311,0.019292604501608,0.218649517684887,0.276527331189711,0.360128617363344,0.057877813504823,0,0.067524115755627,1
WILLIAM JEWELL,Private,2009,25.8,10,87,85,72,11,0,17,282,0.035460992907802,0.308510638297872,0.301418439716312,0.25531914893617,0.039007092198582,0,0.060283687943262,1
WILLIAM WOODS,Private,2009,23,1,38,56,103,25,3,17,243,0.004115226337449,0.156378600823045,0.230452674897119,0.423868312757202,0.102880658436214,0.012345679012346,0.069958847736626,1
HARRIS-STOWE,Public,2010,15.97,0,0,4,23,34,104,106,271,0,0,0.014760147601476,0.084870848708487,0.125461254612546,0.383763837638376,0.391143911439114,1
LINCOLN,Public,2010,17.5,1,7,27,157,98,252,23,565,0.001769911504425,0.012389380530974,0.047787610619469,0.27787610619469,0.173451327433628,0.446017699115044,0.04070796460177,1
MISSOURI SOUTHERN,Public,2010,21.16,2,55,147,348,118,93,86,849,0.002355712603062,0.064782096584217,0.173144876325088,0.409893992932862,0.138987043580683,0.109540636042403,0.101295641931684,1
MISSOURI STATE,Public,2010,24.05,27,511,799,1115,106,35,269,2862,0.009433962264151,0.178546470999301,0.279175401816911,0.389587700908456,0.037037037037037,0.012229210342418,0.093990216631726,1
MISSOURI UNIV. OF SCI. & TECH.,Public,2010,27.7,102,473,404,146,2,0,109,1236,0.08252427184466,0.382686084142395,0.326860841423948,0.118122977346278,0.001618122977346,0,0.088187702265372,1
MISSOURI WESTERN,Public,2010,20.74,3,40,173,456,218,82,117,1089,0.002754820936639,0.036730945821855,0.158861340679523,0.418732782369146,0.200183654729109,0.075298438934803,0.107438016528926,1
NORTHWEST,Public,2010,22.41,4,146,349,748,146,48,25,1466,0.002728512960437,0.099590723055935,0.23806275579809,0.510231923601637,0.099590723055935,0.032742155525239,0.017053206002729,1
SOUTHEAST,Public,2010,23.02,16,212,457,791,164,6,177,1823,0.008776741634668,0.116291826659353,0.250685682940208,0.433900164563906,0.089961601755348,0.003291278113001,0.097092704333516,1
TRUMAN,Public,2010,27.2,95,519,537,202,7,0,57,1417,0.067043048694425,0.366266760762174,0.378969654199012,0.142554693013409,0.004940014114326,0,0.040225829216655,1
UCM,Public,2010,21.96,4,117,314,747,156,63,160,1561,0.002562459961563,0.074951953875721,0.201153106982703,0.478539397821909,0.099935938500961,0.040358744394619,0.102498398462524,1
UMC,Public,2010,25.75,231,1731,2415,1712,80,13,644,6826,0.033841195429241,0.253589217697041,0.353794315851157,0.250805742748315,0.011719894520949,0.001904482859654,0.094345150893642,1
UMKC,Public,2010,24.61,43,300,400,353,97,47,537,1777,0.024198086662915,0.168823860438942,0.225098480585256,0.198649409116488,0.054586381541925,0.026449071468768,0.302194710185706,1
UMSL,Public,2010,23.67,7,65,160,184,33,4,174,627,0.011164274322169,0.103668261562998,0.25518341307815,0.293460925039872,0.052631578947369,0.006379585326954,0.277511961722488,1
AVILA,Private,2010,23,0,23,36,82,14,4,8,167,0,0.137724550898204,0.215568862275449,0.491017964071856,0.083832335329341,0.023952095808383,0.047904191616767,1
CENTRAL METHODIST - CLAS,Private,2010,22.4,1,19,80,168,31,1,14,314,0.003184713375796,0.060509554140127,0.254777070063694,0.535031847133758,0.098726114649682,0.003184713375796,0.044585987261147,1
COLLEGE OF THE OZARKS,Private,2010,22,1,19,73,137,27,8,6,271,0.003690036900369,0.070110701107011,0.269372693726937,0.505535055350554,0.099630996309963,0.029520295202952,0.022140221402214,1
COLUMBIA,Private,2010,22.6,1,12,49,54,12,7,841,976,0.001024590163934,0.012295081967213,0.050204918032787,0.055327868852459,0.012295081967213,0.007172131147541,0.861680327868852,1
CULVER-STOCKTON,Private,2010,21.6,1,12,34,111,39,0,15,212,0.004716981132075,0.056603773584906,0.160377358490566,0.523584905660377,0.183962264150943,0,0.070754716981132,1
DRURY,Private,2010,25.5,6,102,143,106,6,2,286,651,0.009216589861751,0.15668202764977,0.219662058371736,0.162826420890937,0.009216589861751,0.003072196620584,0.439324116743472,1
EVANGEL,Private,2010,22.3,3,35,94,123,43,24,78,400,0.0075,0.0875,0.235,0.3075,0.1075,0.06,0.195,1
FONTBONNE,Private,2010,22,0,16,27,61,19,8,20,151,0,0.105960264900662,0.178807947019868,0.403973509933775,0.125827814569536,0.052980132450331,0.132450331125828,1
HANNIBAL- LAGRANGE,Private,2010,21,0,10,32,67,21,5,35,170,0,0.058823529411765,0.188235294117647,0.394117647058823,0.123529411764706,0.029411764705882,0.205882352941176,1
LINDENWOOD,Private,2010,23,3,84,170,488,52,3,246,1046,0.002868068833652,0.080305927342256,0.162523900573614,0.466539196940727,0.049713193116635,0.002868068833652,0.235181644359465,1
MARYVILLE,Private,2010,25,1,79,150,90,6,1,45,372,0.002688172043011,0.212365591397849,0.403225806451613,0.241935483870968,0.016129032258065,0.002688172043011,0.120967741935484,1
MISSOURI BAPTIST,Private,2010,21,1,16,23,89,38,15,32,214,0.004672897196262,0.074766355140187,0.107476635514019,0.41588785046729,0.177570093457944,0.070093457943925,0.149532710280374,1
MISSOURI VALLEY,Private,2010,19.3,0,5,26,155,85,73,78,422,0,0.011848341232228,0.061611374407583,0.367298578199052,0.201421800947867,0.172985781990521,0.184834123222749,1
PARK,Private,2010,21.5,0,14,17,44,17,12,51,155,0,0.090322580645161,0.109677419354839,0.283870967741935,0.109677419354839,0.07741935483871,0.329032258064516,1
ROCKHURST,Private,2010,25,8,89,127,112,19,2,13,370,0.021621621621622,0.240540540540541,0.343243243243243,0.302702702702703,0.051351351351351,0.005405405405405,0.035135135135135,1
SAINT LOUIS,Private,2010,27.1,95,594,509,264,8,6,250,1726,0.055040556199305,0.3441483198146,0.294901506373117,0.152954808806489,0.004634994206257,0.003476245654693,0.144843568945539,1
SOUTHWEST BAPTIST,Private,2010,22.1,5,45,101,197,40,38,92,518,0.00965250965251,0.086872586872587,0.194980694980695,0.38030888030888,0.077220077220077,0.073359073359073,0.177606177606178,1
STEPHENS,Private,2010,22,1,17,39,76,21,14,9,177,0.005649717514124,0.096045197740113,0.220338983050847,0.429378531073446,0.11864406779661,0.07909604519774,0.050847457627119,1
WASHINGTON ,Private,2010,32.6,579,448,6,0,0,0,599,1632,0.354779411764706,0.274509803921569,0.003676470588235,0,0,0,0.36703431372549,1
WEBSTER,Private,2010,24,1,61,127,135,28,10,64,494,0.002024291497976,0.123481781376518,0.257085020242915,0.273279352226721,0.05668016194332,0.020242914979757,0.129554655870445,0.862348178137652
WESTMINSTER,Private,2010,25,7,65,95,83,14,1,57,322,0.021739130434783,0.201863354037267,0.295031055900621,0.257763975155279,0.043478260869565,0.003105590062112,0.177018633540373,1
WILLIAM JEWELL,Private,2010,25.71,6,80,99,70,5,2,9,271,0.022140221402214,0.29520295202952,0.365313653136531,0.25830258302583,0.018450184501845,0.007380073800738,0.033210332103321,1
WILLIAM WOODS,Private,2010,23,3,21,51,81,29,1,21,207,0.014492753623188,0.101449275362319,0.246376811594203,0.391304347826087,0.140096618357488,0.004830917874396,0.101449275362319,1
HARRIS-STOWE,Public,2011,16.79,0,0,4,35,38,89,149,315,0,0,0.012698412698413,0.111111111111111,0.120634920634921,0.282539682539682,0.473015873015873,1
LINCOLN,Public,2011,16.73,0,5,27,120,106,322,55,635,0,0.007874015748032,0.04251968503937,0.188976377952756,0.166929133858268,0.507086614173228,0.086614173228347,1
MISSOURI SOUTHERN,Public,2011,21.16,1,48,140,293,111,81,99,773,0.001293661060802,0.062095730918499,0.18111254851229,0.379042690815006,0.14359637774903,0.104786545924968,0.128072445019405,1
MISSOURI STATE,Public,2011,24.06,26,442,779,1098,75,18,81,2519,0.010321556173085,0.175466454942437,0.309249702262803,0.435887256847956,0.029773719730052,0.007145692735212,0.032155617308456,1
MISSOURI UNIV. OF SCI. & TECH.,Public,2011,27.83,93,466,375,105,5,0,52,1096,0.08485401459854,0.425182481751825,0.342153284671533,0.095802919708029,0.00456204379562,0,0.047445255474453,1
MISSOURI WESTERN,Public,2011,20.19,1,44,165,397,206,191,143,1147,0.000871839581517,0.038360941586748,0.143853530950305,0.346120313862249,0.179598953792502,0.166521360069747,0.124673060156931,1
NORTHWEST,Public,2011,22.31,5,151,394,762,197,49,37,1595,0.003134796238245,0.094670846394984,0.247021943573668,0.477742946708464,0.123510971786834,0.030721003134796,0.023197492163009,1
SOUTHEAST,Public,2011,22.8,10,219,460,793,195,36,191,1904,0.005252100840336,0.115021008403361,0.241596638655462,0.416491596638655,0.102415966386555,0.01890756302521,0.10031512605042,1
TRUMAN,Public,2011,27.11,74,528,526,203,3,0,44,1378,0.053701015965167,0.383164005805515,0.381712626995646,0.147314949201742,0.002177068214804,0,0.031930333817126,1
UCM,Public,2011,,,,,,,,,,,,,,,,,
UMC,Public,2011,25.67,168,1633,2354,1656,55,14,258,6138,0.027370478983382,0.266047572499185,0.383512544802867,0.269794721407625,0.008960573476703,0.002280873248615,0.042033235581623,1
UMKC,Public,2011,23.53,33,211,283,370,103,82,77,1159,0.028472821397757,0.182053494391717,0.244176013805004,0.319240724762726,0.088869715271786,0.070750647109577,0.066436583261432,1
UMSL,Public,2011,23.51,4,69,145,205,24,7,50,504,0.007936507936508,0.136904761904762,0.287698412698413,0.406746031746032,0.047619047619048,0.013888888888889,0.099206349206349,1
AVILA,Private,2011,22,1,16,26,62,18,4,11,138,0.007246376811594,0.115942028985507,0.188405797101449,0.449275362318841,0.130434782608696,0.028985507246377,0.079710144927536,1
CENTRAL METHODIST - CLAS,Private,2011,22.2,0,21,63,149,33,0,15,281,0,0.074733096085409,0.224199288256228,0.530249110320285,0.117437722419929,0,0.05338078291815,1
COLLEGE OF THE OZARKS,Private,2011,22,1,19,76,154,19,3,8,280,0.003571428571429,0.067857142857143,0.271428571428571,0.55,0.067857142857143,0.010714285714286,0.028571428571429,1
COLUMBIA,Private,2011,23.2,1,15,32,40,10,4,1229,1331,0.000751314800902,0.011269722013524,0.024042073628851,0.030052592036063,0.007513148009016,0.003005259203606,0.923365890308039,1
COTTEY ,Private,2011,21.59,1,12,18,54,12,11,60,,,,,,,,,
CULVER-STOCKTON,Private,2011,21.19,0,7,40,95,46,2,7,197,0,0.035532994923858,0.203045685279188,0.482233502538071,0.233502538071066,0.010152284263959,0.035532994923858,1
DRURY,Private,2011,25.7,8,92,126,84,6,1,255,572,0.013986013986014,0.160839160839161,0.22027972027972,0.146853146853147,0.010489510489511,0.001748251748252,0.445804195804196,1
EVANGEL,Private,2011,22.4,5,45,76,123,47,28,85,409,0.012224938875306,0.110024449877751,0.185819070904645,0.300733496332518,0.114914425427873,0.068459657701712,0.207823960880196,1
FONTBONNE,Private,2011,43,2,4,11,21,7,1,96,142,0.014084507042254,0.028169014084507,0.077464788732394,0.147887323943662,0.049295774647887,0.007042253521127,0.676056338028169,1
HANNIBAL- LAGRANGE,Private,2011,22,0,11,36,50,14,4,44,159,0,0.069182389937107,0.226415094339623,0.314465408805031,0.088050314465409,0.025157232704403,0.276729559748428,1
LINDENWOOD,Private,2011,22,1,49,192,404,99,47,235,1027,0.000973709834469,0.047711781888997,0.186952288218111,0.393378773125609,0.096397273612464,0.045764362220059,0.228821811100292,1
MARYVILLE,Private,2011,25,0,63,156,92,7,2,34,354,0,0.177966101694915,0.440677966101695,0.259887005649717,0.019774011299435,0.005649717514124,0.096045197740113,1
MISSOURI BAPTIST,Private,2011,21,0,16,34,97,38,8,44,237,0,0.067510548523207,0.143459915611814,0.409282700421941,0.160337552742616,0.033755274261603,0.185654008438819,1
MISSOURI VALLEY,Private,2011,0,0,6,18,144,95,49,66,378,0,0.015873015873016,0.047619047619048,0.380952380952381,0.251322751322751,0.12962962962963,0.174603174603175,1
PARK,Private,2011,21.6,4,8,30,57,25,6,50,180,0.022222222222222,0.044444444444445,0.166666666666667,0.316666666666667,0.138888888888889,0.033333333333333,0.277777777777778,1
ROCKHURST,Private,2011,24.7,3,71,120,110,12,1,9,326,0.00920245398773,0.217791411042945,0.368098159509202,0.337423312883436,0.03680981595092,0.003067484662577,0.02760736196319,1
SAINT LOUIS,Private,2011,27.8,85,653,574,222,2,0,220,1756,0.048405466970387,0.371867881548975,0.326879271070615,0.126423690205011,0.001138952164009,0,0.125284738041002,1
SOUTHWEST BAPTIST,Private,2011,23.1,4,52,139,165,53,33,87,533,0.00750469043152,0.097560975609756,0.26078799249531,0.309568480300188,0.099437148217636,0.061913696060038,0.163227016885553,1
STEPHENS,Private,2011,23.1,0,24,40,58,8,8,24,162,0,0.148148148148148,0.246913580246914,0.358024691358025,0.049382716049383,0.049382716049383,0.148148148148148,1
WASHINGTON ,Private,2011,32.8,577,342,8,0,0,0,561,1488,0.387768817204301,0.229838709677419,0.005376344086022,0,0,0,0.377016129032258,1
WEBSTER,Private,2011,24,5,90,152,149,22,7,49,494,0.010121457489879,0.182186234817814,0.307692307692308,0.301619433198381,0.044534412955466,0.01417004048583,0.09919028340081,0.959514170040486
WESTMINSTER,Private,2011,24.6,3,42,80,50,12,1,66,254,0.011811023622047,0.165354330708661,0.31496062992126,0.196850393700787,0.047244094488189,0.003937007874016,0.259842519685039,1
WILLIAM JEWELL,Private,2011,25.45,5,63,111,69,3,1,18,270,0.018518518518519,0.233333333333333,0.411111111111111,0.255555555555556,0.011111111111111,0.003703703703704,0.066666666666667,1
WILLIAM WOODS,Private,2011,23,1,16,34,71,15,5,39,181,0.005524861878453,0.088397790055249,0.187845303867403,0.392265193370166,0.082872928176796,0.027624309392265,0.215469613259669,1
HARRIS-STOWE,Public,2012,15.54,,,1,7,9,40,263,320,0,0,0.003125,0.021875,0.028125,0.125,0.821875,1
LINCOLN,Public,2012,17.59,,4,27,121,88,186,24,450,0,0.008888888888889,0.06,0.268888888888889,0.195555555555556,0.413333333333333,0.053333333333333,1
MISSOURI SOUTHERN,Public,2012,21.28,2,60,127,327,105,86,95,802,0.002493765586035,0.074812967581047,0.158354114713217,0.407730673316708,0.130922693266833,0.107231920199501,0.118453865336658,1
MISSOURI STATE,Public,2012,23.89,25,411,756,1081,77,34,107,2491,0.010036130068246,0.164993978321959,0.303492573263749,0.433962264150943,0.030911280610197,0.013649136892814,0.042954636692092,1
MISSOURI UNIV. OF SCI. & TECH.,Public,2012,27.91,87,520,375,103,3,,36,1124,0.077402135231317,0.462633451957295,0.333629893238434,0.091637010676157,0.002669039145907,0,0.03202846975089,1
MISSOURI WESTERN,Public,2012,20.28,,56,151,400,209,157,101,1074,0,0.052141527001862,0.140595903165736,0.37243947858473,0.194599627560521,0.146182495344507,0.094040968342644,1
NORTHWEST,Public,2012,22.44,3,128,360,650,139,39,40,1359,0.002207505518764,0.094186902133922,0.264900662251656,0.478292862398823,0.102281089036056,0.028697571743929,0.029433406916851,1
SOUTHEAST,Public,2012,22.61,7,176,455,835,165,43,207,1888,0.003707627118644,0.093220338983051,0.240995762711864,0.442266949152542,0.08739406779661,0.022775423728814,0.109639830508475,1
TRUMAN,Public,2012,26.9,66,453,483,204,2,1,62,1271,0.051927616050354,0.356412273800157,0.380015735641227,0.160503540519276,0.001573564122738,0.000786782061369,0.048780487804878,1
UCM,Public,2012,21.58,3,117,333,907,254,76,97,1787,0.001678791270285,0.06547285954113,0.186345831001679,0.507554560716284,0.142137660884163,0.04252937884723,0.054280917739228,1
UMC,Public,2012,25.69,191,1658,2543,1705,53,18,333,6501,0.029380095369943,0.255037686509768,0.391170589140132,0.262267343485618,0.008152591908937,0.002768804799262,0.051222888786341,1
UMKC,Public,2012,23.66,28,208,298,350,100,68,73,1125,0.024888888888889,0.184888888888889,0.264888888888889,0.311111111111111,0.088888888888889,0.060444444444445,0.064888888888889,1
UMSL,Public,2012,24.09,5,103,159,211,23,6,39,546,0.009157509157509,0.188644688644689,0.291208791208791,0.386446886446886,0.042124542124542,0.010989010989011,0.071428571428572,1
AVILA UNIVERSITY,Private,2012,23,0,22,56,100,18,3,11,210,0,0.104761904761905,0.266666666666667,0.476190476190476,0.085714285714286,0.014285714285714,0.052380952380952,1
CENTRAL METHODIST UNIVERSITY-CLAS,Private,2012,0,0,18,61,169,43,6,5,302,0,0.059602649006623,0.201986754966887,0.559602649006622,0.142384105960265,0.019867549668874,0.016556291390729,1
COLLEGE OF THE OZARKS,Private,2012,22,0,21,70,131,17,4,3,246,0,0.085365853658537,0.284552845528455,0.532520325203252,0.069105691056911,0.016260162601626,0.01219512195122,1
COLUMBIA COLLEGE,Private,2012,23,1,15,49,52,10,2,975,1104,0.000905797101449,0.013586956521739,0.044384057971015,0.047101449275362,0.009057971014493,0.001811594202899,0.883152173913043,1
COTTEY COLLEGE,Private,2012,22.82,1,7,33,42,5,4,35,127,0.007874015748032,0.055118110236221,0.259842519685039,0.330708661417323,0.039370078740158,0.031496062992126,0.275590551181102,1
CULVER-STOCKTON COLLEGE,Private,2012,20.8,0,12,30,102,56,10,7,217,0,0.055299539170507,0.138248847926267,0.470046082949309,0.258064516129032,0.046082949308756,0.032258064516129,1
DRURY UNIVERSITY,Private,2012,327,6,91,114,109,6,1,300,627,0.009569377990431,0.145135566188198,0.181818181818182,0.17384370015949,0.009569377990431,0.001594896331738,0.478468899521531,1
EVANGEL UNIVERSITY,Private,2012,22,0,37,72,119,42,39,75,384,0,0.096354166666667,0.1875,0.309895833333333,0.109375,0.1015625,0.1953125,1
FONTBONNE UNIVERSITY,Private,2012,23,1,16,23,59,15,1,21,136,0.007352941176471,0.117647058823529,0.169117647058824,0.433823529411765,0.110294117647059,0.007352941176471,0.154411764705882,1
HANNIBAL-LAGRANGE,Private,2012,22,1,17,43,67,28,12,24,192,0.005208333333333,0.088541666666667,0.223958333333333,0.348958333333333,0.145833333333333,0.0625,0.125,1
LINDENWOOD UNIVERSITY,Private,2012,23,3,103,226,583,78,8,350,1351,0.002220577350111,0.076239822353812,0.167283493708364,0.431532198371577,0.057735011102887,0.005921539600296,0.259067357512953,1
MARYVILLE UNIVERSITY,Private,2012,25,5,75,156,88,8,0,36,368,0.013586956521739,0.203804347826087,0.423913043478261,0.239130434782609,0.021739130434783,0,0.097826086956522,1
MISSOURI BAPTIST UNIVERSITY,Private,2012,21,1,10,40,113,39,9,30,242,0.004132231404959,0.041322314049587,0.165289256198347,0.466942148760331,0.161157024793388,0.037190082644628,0.12396694214876,1
MISSOURI VALLEY COLLEGE,Private,2012,19,0,4,18,141,91,48,76,378,0,0.010582010582011,0.047619047619048,0.373015873015873,0.240740740740741,0.126984126984127,0.201058201058201,1
PARK UNIVERSITY,Private,2012,20.6,1,8,13,50,12,20,108,212,0.004716981132075,0.037735849056604,0.061320754716981,0.235849056603774,0.056603773584906,0.09433962264151,0.509433962264151,1
ROCKHURST UNIVERSITY,Private,2012,25,6,115,180,125,7,1,13,447,0.013422818791946,0.257270693512304,0.402684563758389,0.279642058165548,0.015659955257271,0.002237136465324,0.029082774049217,1
SAINT LOUIS UNIVERSITY,Private,2012,27.2,72,635,517,219,2,1,225,1671,0.043087971274686,0.38001196888091,0.309395571514063,0.131059245960503,0.001196888090964,0.000598444045482,0.134649910233393,1
SOUTHWEST BAPTIST UNIVERSITY,Private,2012,22.41,1,62,118,189,55,38,97,560,0.001785714285714,0.110714285714286,0.210714285714286,0.3375,0.098214285714286,0.067857142857143,0.173214285714286,1
STEPHENS COLLEGE,Private,2012,22.7,1,9,48,43,11,9,19,140,0.007142857142857,0.064285714285714,0.342857142857143,0.307142857142857,0.078571428571429,0.064285714285714,0.135714285714286,1
WASHINGTON UNIVERSITY IN ST LOUIS,Private,2012,32.9,623,339,6,0,0,0,669,1637,0.380574221136225,0.207086133170434,0.003665241295052,0,0,0,0.40867440439829,1
WEBSTER UNIVERSITY,Private,2012,24,1,68,114,122,33,16,61,415,0.002409638554217,0.163855421686747,0.274698795180723,0.293975903614458,0.079518072289157,0.03855421686747,0.146987951807229,1
WESTMINSTER COLLEGE,Private,2012,24.1,1,43,67,73,19,1,56,260,0.003846153846154,0.165384615384615,0.257692307692308,0.280769230769231,0.073076923076923,0.003846153846154,0.215384615384615,1
WILLIAM JEWELL COLLEGE,Private,2012,25.22,7,72,107,97,6,0,16,305,0.022950819672131,0.236065573770492,0.350819672131148,0.318032786885246,0.019672131147541,0,0.052459016393443,1
WILLIAM WOODS UNIVERSITY,Private,2012,23,0,26,49,78,29,4,15,201,0,0.129353233830846,0.243781094527363,0.388059701492537,0.144278606965174,0.019900497512438,0.074626865671642,1
HARRIS-STOWE,Public,2013,15.5,0,0,0,0,4,4,187,195,0,0,0,0,0.020512820512821,0.020512820512821,0.958974358974359,1
LINCOLN,Public,2013,17.68,0,8,23,119,79,178,10,417,0,0.019184652278178,0.05515587529976,0.28537170263789,0.189448441247002,0.426858513189448,0.023980815347722,1
MISSOURI SOUTHERN,Public,2013,21.38,1,63,144,317,96,85,102,808,0.001237623762376,0.077970297029703,0.178217821782178,0.392326732673267,0.118811881188119,0.10519801980198,0.126237623762376,1
MISSOURI STATE,Public,2013,23.91,21,424,916,1119,96,30,120,2726,0.007703595011005,0.15553925165077,0.336023477622891,0.410491562729274,0.035216434336024,0.011005135730007,0.044020542920029,1
MISSOURI UNIV. OF SCI. & TECH.,Public,2013,27.96,97,555,431,110,2,0,67,1262,0.076862123613312,0.439778129952456,0.341521394611727,0.08716323296355,0.001584786053883,0,0.053090332805071,1
MISSOURI WESTERN,Public,2013,20.46,3,51,143,369,163,141,104,974,0.003080082135524,0.052361396303902,0.146817248459959,0.378850102669404,0.16735112936345,0.14476386036961,0.106776180698152,1
NORTHWEST,Public,2013,22.41,2,115,348,620,146,33,60,1324,0.001510574018127,0.086858006042296,0.262839879154079,0.468277945619335,0.110271903323263,0.024924471299094,0.045317220543807,1
SOUTHEAST,Public,2013,22.79,16,211,379,787,130,41,165,1729,0.009253903990746,0.122035858877964,0.219201850780798,0.455176402544824,0.075187969924812,0.023713128976287,0.095430884904569,1
TRUMAN,Public,2013,27.2,80,512,465,202,2,0,68,1329,0.060195635816403,0.385252069224981,0.349887133182844,0.151993980436418,0.00150489089541,0,0.051166290443943,1
UCM,Public,2013,21.63,4,111,352,890,273,73,70,1773,0.002256063169769,0.062605752961083,0.19853355893965,0.501974055273548,0.153976311336717,0.04117315284828,0.039481105470953,1
UMC,Public,2013,25.68,138,1580,2489,1562,46,9,370,6194,0.022279625443978,0.25508556667743,0.401840490797546,0.252179528576041,0.007426541814659,0.001453019050694,0.059735227639651,1
UMKC,Public,2013,24.09,31,200,310,365,79,28,65,1078,0.028756957328386,0.185528756957328,0.287569573283859,0.338589981447124,0.073283858998145,0.025974025974026,0.060296846011132,1
UMSL,Public,2013,24.06,7,74,155,199,15,7,25,482,0.014522821576764,0.153526970954357,0.321576763485477,0.412863070539419,0.031120331950208,0.014522821576764,0.051867219917013,1
AVILA,Private,2013,22,0,12,37,104,20,1,8,182,0,0.065934065934066,0.203296703296703,0.571428571428571,0.10989010989011,0.005494505494506,0.043956043956044,1
CENTRAL METHODIST - CLAS,Private,2013,21.6,0,20,69,144,44,5,9,291,0,0.06872852233677,0.237113402061856,0.494845360824742,0.151202749140893,0.017182130584193,0.030927835051546,1
COLLEGE OF THE OZARKS,Private,2013,22,0,35,104,186,26,4,2,357,0,0.098039215686275,0.291316526610644,0.521008403361345,0.072829131652661,0.011204481792717,0.005602240896359,1
COLUMBIA,Private,2013,22.02,0,17,56,60,31,19,810,993,0,0.017119838872105,0.056394763343404,0.060422960725076,0.031218529707956,0.019133937562941,0.81570996978852,1
COTTEY ,Private,2013,22,0,3,28,34,8,6,36,115,0,0.026086956521739,0.243478260869565,0.295652173913043,0.069565217391304,0.052173913043478,0.31304347826087,1
CULVER-STOCKTON,Private,2013,20.9,0,13,33,98,51,9,16,220,0,0.059090909090909,0.15,0.445454545454545,0.231818181818182,0.040909090909091,0.072727272727273,1
DRURY,Private,2013,0,21,45,126,59,28,2,43,324,0.064814814814815,0.138888888888889,0.388888888888889,0.182098765432099,0.08641975308642,0.006172839506173,0.132716049382716,1
EVANGEL,Private,2013,23,4,50,94,153,41,25,93,460,0.008695652173913,0.108695652173913,0.204347826086957,0.332608695652174,0.089130434782609,0.054347826086957,0.202173913043478,1
FONTBONNE,Private,2013,23,1,13,42,75,5,2,19,157,0.006369426751592,0.082802547770701,0.267515923566879,0.477707006369427,0.031847133757962,0.012738853503185,0.121019108280255,1
HANNIBAL- LAGRANGE,Private,2013,21.9,0,17,30,60,22,8,37,174,0,0.097701149425287,0.172413793103448,0.344827586206897,0.126436781609195,0.045977011494253,0.21264367816092,1
LINDENWOOD,Private,2013,23,7,111,259,566,67,4,310,1324,0.005287009063444,0.083836858006042,0.195619335347432,0.427492447129909,0.050604229607251,0.003021148036254,0.234138972809668,1
MARYVILLE,Private,2013,25,1,74,169,124,9,1,31,409,0.002444987775061,0.180929095354523,0.41320293398533,0.303178484107579,0.02200488997555,0.002444987775061,0.075794621026895,1
MISSOURI BAPTIST,Private,2013,22,0,18,53,113,40,13,31,268,0,0.067164179104478,0.197761194029851,0.421641791044776,0.149253731343284,0.048507462686567,0.115671641791045,1
MISSOURI VALLEY,Private,2013,19.72,1,9,26,148,91,46,94,415,0.002409638554217,0.021686746987952,0.062650602409639,0.356626506024096,0.219277108433735,0.110843373493976,0.226506024096386,1
PARK,Private,2013,21,1,6,11,48,6,5,77,154,0.006493506493507,0.038961038961039,0.071428571428572,0.311688311688312,0.038961038961039,0.032467532467533,0.5,1
ROCKHURST,Private,2013,25.5,6,123,183,104,11,0,11,438,0.013698630136986,0.280821917808219,0.417808219178082,0.237442922374429,0.025114155251142,0,0.025114155251142,1
SAINT LOUIS,Private,2013,27.6,108,621,528,172,4,0,205,1638,0.065934065934066,0.379120879120879,0.322344322344322,0.105006105006105,0.002442002442002,0,0.125152625152625,1
SOUTHWEST BAPTIST,Private,2013,23.2,5,52,123,156,40,34,72,482,0.010373443983403,0.107883817427386,0.255186721991701,0.323651452282158,0.08298755186722,0.070539419087137,0.149377593360996,1
STEPHENS,Private,2013,22.74,1,19,49,51,17,11,20,168,0.005952380952381,0.113095238095238,0.291666666666667,0.303571428571429,0.101190476190476,0.065476190476191,0.119047619047619,1
WASHINGTON ,Private,2013,33,651,330,2,0,0,0,625,1608,0.404850746268657,0.205223880597015,0.001243781094527,0,0,0,0.388681592039801,1
WEBSTER,Private,2013,23.7,7,82,124,157,30,16,80,496,0.014112903225807,0.165322580645161,0.25,0.316532258064516,0.060483870967742,0.032258064516129,0.161290322580645,1
WESTMINSTER,Private,2013,24.2,5,40,66,73,17,1,64,266,0.018796992481203,0.150375939849624,0.24812030075188,0.274436090225564,0.06390977443609,0.003759398496241,0.240601503759398,1
WILLIAM JEWELL,Private,2013,24.82,6,58,87,82,6,4,16,259,0.023166023166023,0.223938223938224,0.335907335907336,0.316602316602317,0.023166023166023,0.015444015444016,0.061776061776062,1
WILLIAM WOODS,Private,2013,23.73,2,27,30,67,11,0,20,157,0.012738853503185,0.171974522292994,0.191082802547771,0.426751592356688,0.070063694267516,0,0.127388535031847,1
HARRIS-STOWE,Public,2014,16.21,,,1,21,24,71,125,242,0,0,0.004132231404959,0.086776859504132,0.099173553719008,0.293388429752066,0.516528925619835,1
LINCOLN,Public,2014,17.14,,5,31,115,95,272,21,539,0,0.009276437847866,0.057513914656772,0.213358070500928,0.176252319109462,0.504638218923933,0.038961038961039,1
MISSOURI SOUTHERN,Public,2014,21.06,5,55,141,321,135,100,99,856,0.005841121495327,0.064252336448598,0.164719626168224,0.375,0.157710280373832,0.116822429906542,0.115654205607477,1
MISSOURI STATE,Public,2014,24.04,26,484,970,1165,93,35,97,2870,0.009059233449477,0.168641114982578,0.337979094076655,0.405923344947735,0.032404181184669,0.01219512195122,0.033797909407666,1
MISSOURI UNIV. OF SCI. & TECH.,Public,2014,28.38,148,576,428,83,1,,51,1287,0.114996114996115,0.447552447552448,0.332556332556333,0.064491064491065,0.000777000777001,0,0.03962703962704,1
MISSOURI WESTERN,Public,2014,20.47,1,58,153,415,180,162,78,1047,0.000955109837631,0.055396370582617,0.146131805157593,0.396370582617001,0.171919770773639,0.154727793696275,0.074498567335244,1
NORTHWEST,Public,2014,22.78,11,137,332,655,103,37,108,1383,0.007953723788865,0.099060014461316,0.240057845263919,0.473608098336949,0.074475777295734,0.026753434562545,0.078091106290673,1
SOUTHEAST,Public,2014,22.76,26,205,408,833,163,49,165,1849,0.014061654948621,0.110870740941049,0.22065981611682,0.450513791238507,0.0881557598702,0.026500811249324,0.089237425635479,1
TRUMAN,Public,2014,27.07,97,470,465,211,6,1,70,1320,0.073484848484849,0.356060606060606,0.352272727272727,0.159848484848485,0.004545454545455,0.000757575757576,0.053030303030303,1
UCM,Public,2014,21.8,4,122,360,868,222,69,65,1710,0.00233918128655,0.071345029239766,0.210526315789474,0.507602339181287,0.129824561403509,0.040350877192983,0.038011695906433,1
UMC,Public,2014,25.89,246,1731,2473,1643,51,10,361,6515,0.037759017651573,0.265694551036071,0.379585571757483,0.252187260168841,0.007828089025326,0.001534919416731,0.055410590943976,1
UMKC,Public,2014,24.37,45,210,286,368,85,12,67,1073,0.041938490214352,0.195712954333644,0.266542404473439,0.342963653308481,0.079217148182666,0.011183597390494,0.062441752096925,1
UMSL,Public,2014,24.14,10,89,159,197,25,4,29,513,0.019493177387914,0.173489278752437,0.309941520467836,0.38401559454191,0.048732943469786,0.007797270955166,0.056530214424951,1
AVILA,Private,2014,22,1,13,47,105,17,1,20,204,0.004901960784314,0.063725490196079,0.230392156862745,0.514705882352941,0.083333333333333,0.004901960784314,0.098039215686275,1
CENTRAL METHODIST - CLAS,Private,2014,22.4,1,27,81,178,35,7,5,334,0.002994011976048,0.080838323353293,0.24251497005988,0.532934131736527,0.104790419161677,0.020958083832335,0.01497005988024,1
COLLEGE OF THE OZARKS,Private,2014,23,1,25,71,124,21,2,12,256,0.00390625,0.09765625,0.27734375,0.484375,0.08203125,0.0078125,0.046875,1
COLUMBIA,Private,2014,,,,,,,,951,951,0,0,0,0,0,0,1,1
COTTEY ,Private,2014,22,,9,18,38,15,4,47,131,0,0.068702290076336,0.137404580152672,0.290076335877863,0.114503816793893,0.030534351145038,0.358778625954198,1
CULVER-STOCKTON,Private,2014,21.4,1,14,43,138,45,8,41,290,0.003448275862069,0.048275862068966,0.148275862068966,0.475862068965517,0.155172413793103,0.027586206896552,0.141379310344828,1
DRURY,Private,2014,25.68,10,84,97,74,5,1,224,495,0.02020202020202,0.16969696969697,0.195959595959596,0.149494949494949,0.01010101010101,0.002020202020202,0.452525252525253,1
EVANGEL,Private,2014,23,5,46,74,99,34,19,52,329,0.015197568389058,0.139817629179331,0.224924012158055,0.300911854103343,0.103343465045593,0.05775075987842,0.158054711246201,1
FONTBONNE,Private,2014,25.6,1,12,34,47,10,1,8,113,0.008849557522124,0.106194690265487,0.300884955752212,0.415929203539823,0.088495575221239,0.008849557522124,0.070796460176991,1
HANNIBAL- LAGRANGE,Private,2014,22,1,9,38,60,23,5,23,159,0.006289308176101,0.056603773584906,0.238993710691824,0.377358490566038,0.144654088050314,0.031446540880503,0.144654088050314,1
LINDENWOOD,Private,2014,23,3,89,209,516,74,8,302,1201,0.002497918401332,0.074104912572856,0.174021648626145,0.429641965029142,0.061615320566195,0.006661115736886,0.251457119067444,1
MARYVILLE,Private,2014,25.32,4,91,180,107,5,,21,408,0.009803921568627,0.223039215686275,0.441176470588235,0.262254901960784,0.012254901960784,0,0.051470588235294,1
MISSOURI BAPTIST,Private,2014,21,,10,35,117,33,14,15,224,0,0.044642857142857,0.15625,0.522321428571429,0.147321428571429,0.0625,0.066964285714286,1
MISSOURI VALLEY,Private,2014,20,,6,26,121,82,52,92,379,0,0.015831134564644,0.068601583113457,0.319261213720317,0.216358839050132,0.137203166226913,0.242744063324538,1
PARK,Private,2014,22,1,5,10,47,7,5,80,155,0.006451612903226,0.032258064516129,0.064516129032258,0.303225806451613,0.045161290322581,0.032258064516129,0.516129032258065,1
ROCKHURST,Private,2014,25.5,10,103,146,116,7,,16,398,0.025125628140704,0.258793969849246,0.366834170854271,0.291457286432161,0.017587939698493,0,0.040201005025126,1
SAINT LOUIS,Private,2014,27.7,103,668,503,163,10,1,191,1639,0.062843197071385,0.407565588773642,0.306894447834045,0.099450884685784,0.006101281269067,0.000610128126907,0.11653447223917,1
SOUTHWEST BAPTIST,Private,2014,23.06,7,55,133,166,41,24,58,484,0.014462809917355,0.113636363636364,0.274793388429752,0.34297520661157,0.084710743801653,0.049586776859504,0.119834710743802,1
STEPHENS,Private,2014,22.56,2,12,55,68,22,7,19,185,0.010810810810811,0.064864864864865,0.297297297297297,0.367567567567568,0.118918918918919,0.037837837837838,0.102702702702703,1
WASHINGTON ,Private,2014,33.2,798,333,5,,,,598,1734,0.460207612456747,0.192041522491349,0.002883506343714,0,0,0,0.344867358708189,1
WEBSTER,Private,2014,24,8,64,102,140,31,14,104,463,0.017278617710583,0.138228941684665,0.220302375809935,0.302375809935205,0.06695464362851,0.030237580993521,0.224622030237581,1
WESTMINSTER,Private,2014,24.5,3,36,57,64,12,2,38,212,0.014150943396227,0.169811320754717,0.268867924528302,0.30188679245283,0.056603773584906,0.009433962264151,0.179245283018868,1
WILLIAM JEWELL,Private,2014,25.37,7,63,87,72,7,,30,266,0.026315789473684,0.236842105263158,0.327067669172932,0.270676691729323,0.026315789473684,0,0.112781954887218,1
WILLIAM WOODS,Private,2014,22.8,1,26,42,73,29,4,25,200,0.005,0.13,0.21,0.365,0.145,0.02,0.125,1
